"","spp","year","lo","hi","index","se","habitat","elevation","endemic"
"1","ASW",2000,100,100,100,0,"rainforest","upland","endemic"
"2","ASW",2001,38.2829655753189,75.6105667325131,59.5141066253225,9.58941669114065,"rainforest","upland","endemic"
"3","ASW",2002,61.7347768078771,111.828829884729,89.5892014761885,12.8391757241141,"rainforest","upland","endemic"
"4","ASW",2003,-8.26184868192318,23.2875425206659,12.2803114652859,8.30818249631852,"rainforest","upland","endemic"
"5","ASW",2004,45.5259409825988,81.0698370723355,65.6257733627197,9.12531011621541,"rainforest","upland","endemic"
"6","ASW",2005,28.0484268784336,61.8463275834801,47.5484591621393,8.69767491093855,"rainforest","upland","endemic"
"7","ASW",2006,25.432355780809,54.5614755293381,42.3718686708234,7.50402854744227,"rainforest","upland","endemic"
"8","ASW",2007,43.1368032838821,81.9837780338343,65.1144872994314,9.97381261110414,"rainforest","upland","endemic"
"9","ASW",2008,23.3047797019935,52.6434165287541,40.4231849801655,7.56148723333183,"rainforest","upland","endemic"
"10","ASW",2009,51.9707040178517,91.2435372181245,74.028653720814,10.0754624827473,"rainforest","upland","endemic"
"11","ASW",2010,15.8969797319753,47.2217097851661,34.3943998687306,8.08748523890724,"rainforest","upland","endemic"
"12","ASW",2011,24.5030484274724,56.9530190461648,43.3438693759833,8.35772652783597,"rainforest","upland","endemic"
"13","ASW",2012,-3.69321952424238,12.9139705563424,7.74566062174444,4.44190971014724,"rainforest","upland","endemic"
"14","ASW",2013,42.4192335477727,78.3768715575369,62.805404135852,9.23413202061873,"rainforest","upland","endemic"
"15","ASW",2014,40.7247694479795,74.6139278635925,59.9909036434314,8.70560724705444,"rainforest","upland","endemic"
"16","ASW",2015,3.34586640407001,25.4187491193184,17.2054109146044,5.76353809898365,"rainforest","upland","endemic"
"17","ASW",2016,25.05499173806,51.4975305113204,40.4819861603378,6.8149727931301,"rainforest","upland","endemic"
"18","BFMON",2000,100,100,100,0,"rainforest","midland",""
"19","BFMON",2001,140.168588795411,196.229897215228,169.623220063311,14.315461276463,"rainforest","midland",""
"20","BFMON",2002,92.7575211363086,133.773988588802,114.533721571842,10.4785685047797,"rainforest","midland",""
"21","BFMON",2003,109.855183879438,161.105281187891,136.929158125795,13.0899179133174,"rainforest","midland",""
"22","BFMON",2004,47.5236956314308,73.3566421945931,61.529931145967,6.60770492848343,"rainforest","midland",""
"23","BFMON",2005,86.6852086941356,125.329306932004,107.241852109409,9.87345248263983,"rainforest","midland",""
"24","BFMON",2006,43.6261492111288,66.4521532433113,56.0480960908936,5.84008154596408,"rainforest","midland",""
"25","BFMON",2007,67.291172504598,98.3691316349085,83.9524003669955,7.94368255385106,"rainforest","midland",""
"26","BFMON",2008,49.4425708187615,74.839658152123,63.1982430266843,6.49576450035173,"rainforest","midland",""
"27","BFMON",2009,7.12275366797204,19.0957878574682,14.1629588927035,3.08925786124124,"rainforest","midland",""
"28","BFMON",2010,40.943733141734,64.3232331622192,53.6893697560523,5.98245705157303,"rainforest","midland",""
"29","BFMON",2011,56.0714924940368,85.3141546020235,71.8344553422048,7.4770219303623,"rainforest","midland",""
"30","BFMON",2012,68.6411002478938,101.363103329661,86.1684154690165,8.363490198786,"rainforest","midland",""
"31","BFMON",2013,52.9511410319142,82.1355277991316,68.7083410071246,7.46289199957175,"rainforest","midland",""
"32","BFMON",2014,55.8051136917308,82.0141886475281,69.9465781161255,6.70177805127976,"rainforest","midland",""
"33","BFMON",2015,27.2333086216811,46.7054219809632,38.0146632567642,4.98882524620834,"rainforest","midland",""
"34","BFMON",2016,40.6056983280254,77.1327711922778,60.4241750814199,9.34356457964556,"rainforest","midland",""
"35","BGER",2000,100,100,100,0,"rainforest","midland",""
"36","BGER",2001,72.7308443773278,87.0546977723013,80.1258959821536,3.65556501204509,"rainforest","midland",""
"37","BGER",2002,53.4450443329584,65.4926481349379,59.6960176222258,3.07506555721551,"rainforest","midland",""
"38","BGER",2003,130.718907404878,151.123095253807,141.171178866921,5.20642115022726,"rainforest","midland",""
"39","BGER",2004,111.615995047051,130.43080056965,121.272297188767,4.8010452585347,"rainforest","midland",""
"40","BGER",2005,94.8387525916895,111.799307464097,103.561829952184,4.32808352740824,"rainforest","midland",""
"41","BGER",2006,93.0606730872569,109.6155063079,101.577385514044,4.22457473094545,"rainforest","midland",""
"42","BGER",2007,102.039693499836,119.237744082487,110.876657961619,4.38859986721498,"rainforest","midland",""
"43","BGER",2008,96.3676622382792,113.196169491488,105.021145643217,4.29436856646335,"rainforest","midland",""
"44","BGER",2009,76.206607620066,90.4762071559274,83.5688143040142,3.64165935032674,"rainforest","midland",""
"45","BGER",2010,90.0430062836982,105.847244433335,98.1774938516326,4.03307658380663,"rainforest","midland",""
"46","BGER",2011,40.8226251825312,51.0227689356229,46.1414722386844,2.60392217532311,"rainforest","midland",""
"47","BGER",2012,75.6961440071867,90.2185309661226,83.189300320443,3.70617816358556,"rainforest","midland",""
"48","BGER",2013,31.8726915499026,40.388536597205,36.3364437277469,2.17435387403161,"rainforest","midland",""
"49","BGER",2014,51.7667099610501,63.847418329786,58.0380910891191,3.08356222907834,"rainforest","midland",""
"50","BGER",2015,67.3572190193227,81.4561817296929,74.6444423764976,3.5982760748151,"rainforest","midland",""
"51","BGER",2016,46.9669687741821,57.146538314492,52.2619019724616,2.59846008923558,"rainforest","midland",""
"52","BHE",2000,100,100,100,0,"rainforest","upland","endemic"
"53","BHE",2001,86.3623200226457,112.721516770924,100.205176524271,6.73079658060584,"rainforest","upland","endemic"
"54","BHE",2002,58.4282448078319,73.1767880402993,66.2589292359334,3.76785464613922,"rainforest","upland","endemic"
"55","BHE",2003,35.8301742770802,51.8812363842817,44.4621465281065,4.10348691589161,"rainforest","upland","endemic"
"56","BHE",2004,54.7190948592826,72.1677158818825,63.9928575528328,4.45787749653622,"rainforest","upland","endemic"
"57","BHE",2005,74.7334047467139,96.3578271807278,86.1325210113951,5.5226313193027,"rainforest","upland","endemic"
"58","BHE",2006,49.6006850060196,66.1222712805969,58.4060653267495,4.22163114668617,"rainforest","upland","endemic"
"59","BHE",2007,76.1366562081926,99.9672942343832,88.6893640860771,6.08588027843147,"rainforest","upland","endemic"
"60","BHE",2008,39.8505250124339,55.1467486000697,48.0545234573036,3.90988900147237,"rainforest","upland","endemic"
"61","BHE",2009,16.665795778667,33.7508744481109,26.05181678825,4.37438632252115,"rainforest","upland","endemic"
"62","BHE",2010,38.4612917558352,54.1864803688014,46.9023430917501,4.01973176545608,"rainforest","upland","endemic"
"63","BHE",2011,17.4957646006995,31.5256449939632,25.2147677459039,3.59257743691032,"rainforest","upland","endemic"
"64","BHE",2012,64.5939463013706,84.7012832437298,75.2315613081374,5.13600486904188,"rainforest","upland","endemic"
"65","BHE",2013,69.4001680568063,92.0726106439475,81.3694992756348,5.79065726448625,"rainforest","upland","endemic"
"66","BHE",2014,15.659402317739,25.619904487403,21.1850264091244,2.55235363115351,"rainforest","upland","endemic"
"67","BHE",2015,64.6051905556404,84.3104503965113,75.0308553202973,5.03331953852886,"rainforest","upland","endemic"
"68","BHE",2016,66.1971932134697,87.2950678826097,77.3503900783876,5.38883114699822,"rainforest","upland","endemic"
"69","BPIG",2000,100,100,100,0,"rainforest","midland",""
"70","BPIG",2001,154.791166459139,196.785031591591,176.543780377635,10.7181266845043,"rainforest","midland",""
"71","BPIG",2002,74.1967970350534,100.156970189816,87.8392209220538,6.62908288295972,"rainforest","midland",""
"72","BPIG",2003,85.0602439614736,111.381704956362,98.8539991935313,6.72060996133262,"rainforest","midland",""
"73","BPIG",2004,83.6164972963269,108.649568835667,96.7416116976987,6.39176875411188,"rainforest","midland",""
"74","BPIG",2005,86.7963210812556,114.049172066607,101.070940834745,6.95828783122346,"rainforest","midland",""
"75","BPIG",2006,56.5536451255418,78.0015769567539,67.9000363792123,5.47842214333516,"rainforest","midland",""
"76","BPIG",2007,62.7816945948904,82.9187549303284,73.4122318730353,5.14310124150705,"rainforest","midland",""
"77","BPIG",2008,91.0765223670258,117.949244734448,105.139544404961,6.86100716739818,"rainforest","midland",""
"78","BPIG",2009,88.0225619778011,114.923705486258,102.109699080825,6.86842951535107,"rainforest","midland",""
"79","BPIG",2010,116.657188098351,148.887124708485,133.439283478544,8.2273620246714,"rainforest","midland",""
"80","BPIG",2011,95.5328152846243,124.434466570812,110.640642227763,7.37872412869258,"rainforest","midland",""
"81","BPIG",2012,106.175953233383,136.88300116532,122.193692831421,7.83907626697501,"rainforest","midland",""
"82","BPIG",2013,47.3074921167172,65.6329061600865,57.0504002561826,4.68196141291102,"rainforest","midland",""
"83","BPIG",2014,27.7977856689432,40.668912527693,34.7555350569079,3.29159976259871,"rainforest","midland",""
"84","BPIG",2015,111.599222979086,145.974635640213,129.509183506878,8.77521044937978,"rainforest","midland",""
"85","BPIG",2016,69.3891445150853,95.7749001482125,83.2734330692909,6.73811783188779,"rainforest","midland",""
"86","BST",2000,100,100,100,0,"rainforest","upland","endemic"
"87","BST",2001,117.905306626279,145.995731133477,132.524623933335,7.17054992897626,"rainforest","upland","endemic"
"88","BST",2002,73.0565830555511,94.2611769029126,84.20260011003,5.41477080766825,"rainforest","upland","endemic"
"89","BST",2003,109.406682642532,135.969605787357,123.251088477187,6.78094913763297,"rainforest","upland","endemic"
"90","BST",2004,63.1128535888348,82.1434754422329,73.1517165666882,4.86035123844248,"rainforest","upland","endemic"
"91","BST",2005,74.6841594860576,97.7504824694538,86.7998598124264,5.89000547675703,"rainforest","upland","endemic"
"92","BST",2006,39.2723409863753,55.7138916663308,48.0512676788574,4.20159358356484,"rainforest","upland","endemic"
"93","BST",2007,67.2707787655746,86.3678584717268,77.3303019841862,4.87702589457375,"rainforest","upland","endemic"
"94","BST",2008,43.0670441718364,57.8696553114124,50.956320715338,3.78239606410761,"rainforest","upland","endemic"
"95","BST",2009,39.9701869028095,54.3690676854685,47.6604361103404,3.67964674103302,"rainforest","upland","endemic"
"96","BST",2010,61.9146301802482,81.0972777624967,72.0377546568651,4.8992638321786,"rainforest","upland","endemic"
"97","BST",2011,22.9911436321739,37.360578782046,30.7853907367157,3.67560756221037,"rainforest","upland","endemic"
"98","BST",2012,55.9726122712373,73.5878612052936,65.2931972138179,4.49948315748552,"rainforest","upland","endemic"
"99","BST",2013,31.6584581674212,45.9431980157077,39.336823225143,3.65181663409493,"rainforest","upland","endemic"
"100","BST",2014,24.0635699298799,37.6292167294363,31.4160179780837,3.469817430841,"rainforest","upland","endemic"
"101","BST",2015,13.3217002701371,23.5752191601108,19.0021935476806,2.62712282663606,"rainforest","upland","endemic"
"102","BST",2016,26.7548042510096,40.1457282276662,33.9908217360295,3.42444648903823,"rainforest","upland","endemic"
"103","CAT",2000,100,100,100,0,"rainforest","midland",""
"104","CAT",2001,114.151026739983,138.270846085009,126.60157038786,6.15555205672574,"rainforest","midland",""
"105","CAT",2002,111.121983097841,134.093466733619,122.985191950379,5.86255633642616,"rainforest","midland",""
"106","CAT",2003,73.9898431057174,92.983633886673,83.8647045713426,4.84832447666719,"rainforest","midland",""
"107","CAT",2004,76.8384427781819,94.2812455463224,85.9028032509838,4.45235905492826,"rainforest","midland",""
"108","CAT",2005,79.4017177011745,98.4863589063364,89.3120460976964,4.87133840045736,"rainforest","midland",""
"109","CAT",2006,40.5545926440245,51.937364490143,46.5500350727749,2.90692992870444,"rainforest","midland",""
"110","CAT",2007,40.9756125655478,53.0225391288611,47.3182494220132,3.07648829083651,"rainforest","midland",""
"111","CAT",2008,57.2388819645976,71.6989604254567,64.7962916728651,3.69170109322279,"rainforest","midland",""
"112","CAT",2009,40.9400096556267,52.8075719637056,47.1886439171502,3.03069182236423,"rainforest","midland",""
"113","CAT",2010,48.3420576906897,62.0290125314288,55.5202958066577,3.49476857315864,"rainforest","midland",""
"114","CAT",2011,62.6817262743064,78.3568793505117,70.8586578767385,4.00165031289442,"rainforest","midland",""
"115","CAT",2012,88.4336957307891,108.2832807269,98.7225434464578,5.06632035455277,"rainforest","midland",""
"116","CAT",2013,40.6318056575682,54.1490064345857,47.7469215176282,3.45192755111766,"rainforest","midland",""
"117","CAT",2014,37.0776518299032,47.6555537532894,42.6617601144745,2.70164526763475,"rainforest","midland",""
"118","CAT",2015,106.279800426736,129.646797308015,118.354705107703,5.96358985952875,"rainforest","midland",""
"119","CAT",2016,88.4763049644409,108.849763875578,99.0361057411747,5.20002331129379,"rainforest","midland",""
"120","CC",2000,100,100,100,0,"rainforest","midland","endemic"
"121","CC",2001,121.715307424764,156.534810211133,139.865426305892,8.88871792658881,"rainforest","midland","endemic"
"122","CC",2002,45.4311985342216,65.840577790405,56.3198819940395,5.21533364697565,"rainforest","midland","endemic"
"123","CC",2003,68.0330059676473,94.1484470633033,81.8168185935195,6.66994934258274,"rainforest","midland","endemic"
"124","CC",2004,124.156140136428,158.718656634676,142.166328874055,8.82301773799035,"rainforest","midland","endemic"
"125","CC",2005,164.262862674959,208.572378163187,187.231900951479,11.3093875891635,"rainforest","midland","endemic"
"126","CC",2006,161.407728856236,204.270892693908,183.634690634376,10.9403349923344,"rainforest","midland","endemic"
"127","CC",2007,96.8664957503422,126.516609971671,112.394860795215,7.57033041253696,"rainforest","midland","endemic"
"128","CC",2008,111.108562062164,143.581065671901,128.066391135016,8.29009377466169,"rainforest","midland","endemic"
"129","CC",2009,124.671982257884,159.501954845602,142.819856769917,8.89126601905521,"rainforest","midland","endemic"
"130","CC",2010,150.836578404174,191.878856550627,172.144320224567,10.4759357046692,"rainforest","midland","endemic"
"131","CC",2011,59.9486309325322,82.873936111551,72.0903363791821,5.85609390965611,"rainforest","midland","endemic"
"132","CC",2012,127.43135205927,163.723308044588,146.331759757249,9.26432815225727,"rainforest","midland","endemic"
"133","CC",2013,125.757724564027,161.414698665189,144.332558474519,9.10231658281339,"rainforest","midland","endemic"
"134","CC",2014,118.496768423215,153.269076147026,136.630988563112,8.87681236582794,"rainforest","midland","endemic"
"135","CC",2015,93.7398908409354,123.679717693534,109.429544968787,7.6444750203744,"rainforest","midland","endemic"
"136","CC",2016,101.754386187227,134.899072802897,119.090502293318,8.46217110363471,"rainforest","midland","endemic"
"137","CURR",2000,100,100,100,0,"generalist","upland",""
"138","CURR",2001,149.929894492262,285.516595800047,224.834666016537,34.7310949854194,"generalist","upland",""
"139","CURR",2002,-17.9696081992152,35.7697173752761,18.6235435301923,14.324998865419,"generalist","upland",""
"140","CURR",2003,52.0314440784469,140.912392625393,103.351235093571,22.8751884577206,"generalist","upland",""
"141","CURR",2004,48.2318063263561,128.610567806855,94.9134636602728,20.702904079537,"generalist","upland",""
"142","CURR",2005,40.4517235191146,124.653786960335,89.5546346343949,21.6998486939742,"generalist","upland",""
"143","CURR",2006,83.3859599686375,162.493573451056,128.431507750468,20.3252808879088,"generalist","upland",""
"144","CURR",2007,93.3462740384359,198.832801932462,152.802387301954,27.0724389552264,"generalist","upland",""
"145","CURR",2008,35.2994746463269,105.764126903868,76.8574001961981,18.1892797786417,"generalist","upland",""
"146","CURR",2009,61.2186829713257,161.628347623271,118.675339694526,25.8133480150385,"generalist","upland",""
"147","CURR",2010,74.784429410518,160.698049904641,123.815772765751,22.0797416824151,"generalist","upland",""
"148","CURR",2011,-17.7667481668796,21.9732454722898,11.182907246976,10.8202065299685,"generalist","upland",""
"149","CURR",2012,261.798501096837,493.887735703368,387.117736288415,59.3490509954197,"generalist","upland",""
"150","CURR",2013,-0.451925222780741,53.3551232155999,33.7356276912899,14.0866575110413,"generalist","upland",""
"151","CURR",2014,50.2163003331021,131.075298137558,97.1027229071215,20.8221805807799,"generalist","upland",""
"152","CURR",2015,-5.07095860699879,47.3575317649105,28.8157830053293,13.7813164481151,"generalist","upland",""
"153","CURR",2016,49.075317195036,136.146977349827,99.480468036701,22.4170850825147,"generalist","upland",""
"154","EWB",2000,100,100,100,0,"rainforest","midland",""
"155","EWB",2001,179.652191660502,231.054908023177,206.275245441346,13.1195097059635,"rainforest","midland",""
"156","EWB",2002,113.911449219173,150.099445836102,132.814147698354,9.23872125967262,"rainforest","midland",""
"157","EWB",2003,98.0947069960076,131.176103198542,115.428419444366,8.44656425953652,"rainforest","midland",""
"158","EWB",2004,177.216963511157,227.386900707237,203.208287255236,12.8049608127155,"rainforest","midland",""
"159","EWB",2005,156.815422726548,203.446755387854,181.023654935638,11.9025105341201,"rainforest","midland",""
"160","EWB",2006,154.452390306024,198.966747592491,177.569861985614,11.3622802075078,"rainforest","midland",""
"161","EWB",2007,167.739572331679,215.565515015716,192.540170630399,12.2070300633314,"rainforest","midland",""
"162","EWB",2008,150.946968567073,194.603981840026,173.628722907708,11.1435849894858,"rainforest","midland",""
"163","EWB",2009,133.260781511262,173.35685260489,154.140543955579,10.2353847471225,"rainforest","midland",""
"164","EWB",2010,195.468918388723,250.168145238646,223.760230277837,13.9603515903888,"rainforest","midland",""
"165","EWB",2011,97.7532834709219,131.651233445745,115.514543846985,8.65504669926552,"rainforest","midland",""
"166","EWB",2012,193.9161004824,248.781736078595,222.296586607229,14.0028634695155,"rainforest","midland",""
"167","EWB",2013,105.652802025615,140.492212644573,123.878668255254,8.89491005006485,"rainforest","midland",""
"168","EWB",2014,126.527072798597,165.927054218856,147.063788717231,10.0580050289424,"rainforest","midland",""
"169","EWB",2015,95.5772005914054,130.470865921651,113.866210738219,8.90939017877951,"rainforest","midland",""
"170","EWB",2016,82.1781191491722,112.543835580483,98.150386859421,7.75435303212978,"rainforest","midland",""
"171","FTCUC",2000,100,100,100,0,"generalist","midland",""
"172","FTCUC",2001,-11.4112879349766,4.84508858934912,2.58996503955029,4.77070801817075,"generalist","midland",""
"173","FTCUC",2002,33.6964384234173,104.139117152906,75.5920311627107,18.2073321376342,"generalist","midland",""
"174","FTCUC",2003,-4.19739370579914,12.1143399298433,8.3135030128158,4.52039955387102,"generalist","midland",""
"175","FTCUC",2004,29.7688428968253,99.7302735826467,71.5623794434869,18.0958679648729,"generalist","midland",""
"176","FTCUC",2005,9.92118440364908,44.3495423484225,32.1300903939537,9.04549454432651,"generalist","midland",""
"177","FTCUC",2006,89.8305253968669,207.198600913606,156.245894123555,30.134514399037,"generalist","midland",""
"178","FTCUC",2007,87.1107763151519,206.595585930686,154.761651459042,30.6798576982386,"generalist","midland",""
"179","FTCUC",2008,81.6116821334726,199.760549848009,148.665120500241,30.3447966190082,"generalist","midland",""
"180","FTCUC",2009,65.2121350138476,175.9256164181,128.608469931805,28.4646136185503,"generalist","midland",""
"181","FTCUC",2010,28.4808773481786,89.2085085232786,65.0474453994712,15.7284848939331,"generalist","midland",""
"182","FTCUC",2011,86.9638520422048,211.981380775758,157.670496216974,32.0966876892605,"generalist","midland",""
"183","FTCUC",2012,100.231682791976,234.018254812123,175.44109657165,34.3261203090422,"generalist","midland",""
"184","FTCUC",2013,14.1932461519811,79.819597294222,54.3397290912292,17.0458745411877,"generalist","midland",""
"185","FTCUC",2014,48.051603571824,136.969763613301,99.8403070235821,22.9112938594884,"generalist","midland",""
"186","FTCUC",2015,17.5999899530777,82.0809671573332,56.8831024783701,16.7354618159804,"generalist","midland",""
"187","FTCUC",2016,11.7859454303574,66.5632270778506,45.8375748456768,14.2729767699359,"generalist","midland",""
"188","FW",2000,100,100,100,0,"rainforest","upland","endemic"
"189","FW",2001,79.2220848486782,119.156528503871,100.633280890356,10.2074971328233,"rainforest","upland","endemic"
"190","FW",2002,45.2377267651967,72.5478244015618,60.1701032145236,6.98976875851047,"rainforest","upland","endemic"
"191","FW",2003,56.5569014008665,90.6318389597,75.0215210643738,8.71556144388667,"rainforest","upland","endemic"
"192","FW",2004,113.059611351875,159.26089003777,137.588841843847,11.8031519036102,"rainforest","upland","endemic"
"193","FW",2005,146.264172973998,210.894063207275,180.324646086783,16.5055607228047,"rainforest","upland","endemic"
"194","FW",2006,220.527854740713,305.218424511798,264.760710944022,21.6212428538569,"rainforest","upland","endemic"
"195","FW",2007,157.108219869282,220.165869745208,190.294878520584,16.1031117811933,"rainforest","upland","endemic"
"196","FW",2008,122.905658934465,177.057502248313,151.576845667554,13.8324775390954,"rainforest","upland","endemic"
"197","FW",2009,113.192219001517,162.226751553792,139.216788402316,12.5267608085813,"rainforest","upland","endemic"
"198","FW",2010,138.520580750803,197.764564972826,169.791540529359,15.1311007665693,"rainforest","upland","endemic"
"199","FW",2011,74.2343968394523,113.025044451013,95.0727972901722,9.91626592913155,"rainforest","upland","endemic"
"200","FW",2012,131.869560568805,190.255442080906,162.722522358494,14.9126892885924,"rainforest","upland","endemic"
"201","FW",2013,125.788790297629,178.497061603836,153.684973706808,13.4634937286297,"rainforest","upland","endemic"
"202","FW",2014,130.305075875416,189.558741017974,161.622328833368,15.1344596770153,"rainforest","upland","endemic"
"203","FW",2015,95.1462488791244,139.326749025284,118.707299202738,11.289462799191,"rainforest","upland","endemic"
"204","FW",2016,36.4548052801294,72.7886329010834,56.3773847359087,9.30133844449548,"rainforest","upland","endemic"
"205","GFAN",2000,100,100,100,0,"generalist",NA,""
"206","GFAN",2001,132.838999174751,173.531479730318,154.105776452785,10.3888989246659,"generalist",NA,""
"207","GFAN",2002,36.4774007980269,58.5454774355894,48.4024561561399,5.64345112458749,"generalist",NA,""
"208","GFAN",2003,50.5713823214766,73.6247268418235,62.9144033417643,5.89211140114356,"generalist",NA,""
"209","GFAN",2004,116.840289594637,152.957618770351,135.769434389723,9.22180523895296,"generalist",NA,""
"210","GFAN",2005,171.183500606201,222.491712433314,197.861912118193,13.0969019397267,"generalist",NA,""
"211","GFAN",2006,87.6240687346544,118.33031404213,103.823527482422,7.84229591973674,"generalist",NA,""
"212","GFAN",2007,143.258712271093,188.214414015154,166.714319210801,11.47664509716,"generalist",NA,""
"213","GFAN",2008,140.205979532192,183.135531302428,162.616139017335,10.9595893803079,"generalist",NA,""
"214","GFAN",2009,111.329037426571,149.146660034225,131.165172741966,9.65623448735234,"generalist",NA,""
"215","GFAN",2010,134.305828493073,177.19255731084,156.711266727267,10.9489567887308,"generalist",NA,""
"216","GFAN",2011,42.5747382671074,65.4124104125489,54.859660516372,5.83859085113356,"generalist",NA,""
"217","GFAN",2012,131.975348158508,174.767818542407,154.33889434336,10.9250192823382,"generalist",NA,""
"218","GFAN",2013,80.2964015563941,112.782049944812,97.4633710985911,8.29736613896312,"generalist",NA,""
"219","GFAN",2014,101.229214970923,139.335128165103,121.254015027947,9.73056171208085,"generalist",NA,""
"220","GFAN",2015,50.498762894572,75.5250419721199,63.891310055273,6.39618286444215,"generalist",NA,""
"221","GFAN",2016,80.3348335172132,110.527224629375,96.2951327783206,7.71174393886847,"generalist",NA,""
"222","GHE",2000,100,100,100,0,"rainforest","lowland",""
"223","GHE",2001,33.7236032395295,66.7954553293797,51.3226951347885,8.44992128926676,"rainforest","lowland",""
"224","GHE",2002,75.5155940528479,108.109584698279,92.5925925925933,8.32209229438318,"rainforest","lowland",""
"225","GHE",2003,209.706427274195,276.403646809331,244.038109510363,17.0204615052869,"rainforest","lowland",""
"226","GHE",2004,198.670311732647,263.109870923723,231.864505008351,16.4446107346933,"rainforest","lowland",""
"227","GHE",2005,202.203339260438,267.581514432744,235.872597167605,16.6840429314742,"rainforest","lowland",""
"228","GHE",2006,230.279482102992,303.657928478709,268.000765134686,18.7248976478054,"rainforest","lowland",""
"229","GHE",2007,145.439832316214,194.558947368673,170.864640149663,12.5364555189774,"rainforest","lowland",""
"230","GHE",2008,172.721935366414,229.669176252382,202.117876912175,14.5333474235186,"rainforest","lowland",""
"231","GHE",2009,182.264558608912,242.031590746992,213.090809608018,15.2526693798092,"rainforest","lowland",""
"232","GHE",2010,165.994216607987,221.210214499541,194.513812167446,14.091738514701,"rainforest","lowland",""
"233","GHE",2011,157.151784248962,213.444025750781,186.247672936355,14.3666686379482,"rainforest","lowland",""
"234","GHE",2012,187.147121830363,248.635618691093,218.848413785072,15.6918365795121,"rainforest","lowland",""
"235","GHE",2013,149.075833633875,198.974504397619,174.893965534758,12.7352815199305,"rainforest","lowland",""
"236","GHE",2014,119.990564726585,162.68587181804,142.162758212206,10.8979591944754,"rainforest","lowland",""
"237","GHE",2015,200.090487393366,271.253630069745,236.737009286299,18.1603029146038,"rainforest","lowland",""
"238","GHE",2016,97.8665584014696,133.550280563685,116.469792181522,9.10937857539474,"rainforest","lowland",""
"239","GHR",2000,100,100,100,0,"rainforest","upland",""
"240","GHR",2001,108.898518493734,135.852959502845,122.880235222141,6.87987611815617,"rainforest","upland",""
"241","GHR",2002,104.069488851491,129.184105715015,117.108305035818,6.4104437018017,"rainforest","upland",""
"242","GHR",2003,90.6934603037348,113.966275638849,102.806097005516,5.94078389502452,"rainforest","upland",""
"243","GHR",2004,109.31035556904,137.58549693541,123.974799723332,7.21693940755942,"rainforest","upland",""
"244","GHR",2005,128.465098452647,158.775563061382,144.144120304449,7.73587101037537,"rainforest","upland",""
"245","GHR",2006,100.01617028824,125.23155369541,113.115761134383,6.43628932532444,"rainforest","upland",""
"246","GHR",2007,93.0989208002746,117.602625430255,105.844937818608,6.25487669854327,"rainforest","upland",""
"247","GHR",2008,88.2475666970269,111.925473438046,100.576380922986,6.04427450850306,"rainforest","upland",""
"248","GHR",2009,86.3253815874993,109.008544082003,98.1420296778504,5.79043765044762,"rainforest","upland",""
"249","GHR",2010,95.8063668008624,121.101797826912,108.956874438697,6.4568623042623,"rainforest","upland",""
"250","GHR",2011,67.6229638440208,86.4935679175119,77.50301824217,4.8180311270187,"rainforest","upland",""
"251","GHR",2012,84.4864848397131,107.881730110206,96.6777853237728,5.97227384083524,"rainforest","upland",""
"252","GHR",2013,126.275598375625,155.257624450923,141.272509815693,7.39689278227475,"rainforest","upland",""
"253","GHR",2014,115.115291703552,142.987147091202,129.559259736488,7.11384512441675,"rainforest","upland",""
"254","GHR",2015,60.9674347421304,79.0076266258536,70.4335455777611,4.60639539836686,"rainforest","upland",""
"255","GHR",2016,64.4948818791825,84.6923953291852,75.0772954828613,5.15695544129713,"rainforest","upland",""
"256","GOLDBB",2000,100,100,100,0,"rainforest","upland","endemic"
"257","GOLDBB",2001,4.04444929045851,33.7039255534715,24.3541813174595,7.91916122930756,"rainforest","upland","endemic"
"258","GOLDBB",2002,-17.0606324180676,9.31539150036792,4.91188359005706,7.55513349592371,"rainforest","upland","endemic"
"259","GOLDBB",2003,-16.1764035342071,9.78816299241278,5.30116144446217,7.41066690704897,"rainforest","upland","endemic"
"260","GOLDBB",2004,7.85026680095754,23.5509770126781,18.9602783847814,4.23460741635279,"rainforest","upland","endemic"
"261","GOLDBB",2005,-2.25167940441522,31.6209567915062,21.3436926354084,9.0909384485514,"rainforest","upland","endemic"
"262","GOLDBB",2006,-7.35246607208383,2.44795711873442,1.44577130303514,3.16918981632346,"rainforest","upland","endemic"
"263","GOLDBB",2007,13.0805575050416,37.981049377978,29.7127908399524,6.60150190434019,"rainforest","upland","endemic"
"264","GOLDBB",2008,-5.55492690894023,24.0787917132534,15.9143785548819,8.0538342526725,"rainforest","upland","endemic"
"265","GOLDBB",2009,16.1372934665923,47.6214665316657,36.6522562769448,8.29256265264847,"rainforest","upland","endemic"
"266","GOLDBB",2010,-18.117677020229,13.1630216417165,7.02231775759924,8.81816935306568,"rainforest","upland","endemic"
"267","GOLDBB",2011,-12.2035916523333,5.07575861272453,2.81443480324174,5.1252725817462,"rainforest","upland","endemic"
"268","GOLDBB",2012,-10.5792563845236,3.05341835359169,1.61006349656186,4.32515241457795,"rainforest","upland","endemic"
"269","GOLDBB",2013,-15.1668774783567,7.20757877490087,3.85539014142703,6.49150169467827,"rainforest","upland","endemic"
"270","GOLDBB",2014,-18.3532399927935,8.59104667133469,4.33731390910541,7.76630042804054,"rainforest","upland","endemic"
"271","GOLDBB",2015,-16.484932808726,12.6966809929527,6.98267254716661,8.22843295523962,"rainforest","upland","endemic"
"272","GOLDBB",2016,23.8571524209118,39.9339358214685,34.4093570122363,4.24233425534159,"rainforest","upland","endemic"
"273","GOLDW",2000,100,100,100,0,"generalist","midland",""
"274","GOLDW",2001,171.769876759746,212.619028028479,192.943626258245,10.4261564545947,"generalist","midland",""
"275","GOLDW",2002,73.1434401883339,98.2078782864189,86.3628160224013,6.40131566905664,"generalist","midland",""
"276","GOLDW",2003,95.2924789633345,121.229316912789,108.89412414907,6.6225799677295,"generalist","midland",""
"277","GOLDW",2004,84.6125276883467,110.645001525967,98.2977165763448,6.647638631593,"generalist","midland",""
"278","GOLDW",2005,92.5367265728044,120.314848749437,107.109595189422,7.09282956850316,"generalist","midland",""
"279","GOLDW",2006,71.7213678388276,93.1356969290317,83.027300386302,5.46934553016316,"generalist","midland",""
"280","GOLDW",2007,98.065935358092,125.577080336667,112.482366228187,7.02435547661897,"generalist","midland",""
"281","GOLDW",2008,96.7980572551257,123.755195474606,110.92869706927,6.8829855516044,"generalist","midland",""
"282","GOLDW",2009,55.3395725883062,76.8297752663918,66.7548429233063,5.49028817009978,"generalist","midland",""
"283","GOLDW",2010,134.892237563101,170.464859993862,153.41021566049,9.08057872370726,"generalist","midland",""
"284","GOLDW",2011,67.3122876408015,93.8904383153227,81.3521324713651,6.78837937883827,"generalist","midland",""
"285","GOLDW",2012,58.7726145196545,79.8566499028034,69.956904035856,5.38616282411219,"generalist","midland",""
"286","GOLDW",2013,47.6828224041341,67.0644014499093,58.0219385133822,4.95266237261348,"generalist","midland",""
"287","GOLDW",2014,67.4255511369524,89.4173430489606,79.0516407592251,5.61716325298577,"generalist","midland",""
"288","GOLDW",2015,103.607895194009,133.175242000224,119.081852822207,7.54899903208592,"generalist","midland",""
"289","GOLDW",2016,53.2652265952668,73.3063909818829,63.924482671876,5.12041917525822,"generalist","midland",""
"290","LBSW",2000,100,100,100,0,"rainforest","midland",""
"291","LBSW",2001,123.857040059773,149.827038266876,137.216300013341,6.62718797293806,"rainforest","midland",""
"292","LBSW",2002,87.4075058562565,106.01716274911,97.0312660484513,4.74954262456291,"rainforest","midland",""
"293","LBSW",2003,147.31452441379,176.916491651738,162.507507475937,7.55365024339728,"rainforest","midland",""
"294","LBSW",2004,75.8280862870061,92.6975418981272,84.5724894829242,4.30568920236136,"rainforest","midland",""
"295","LBSW",2005,91.936378891179,111.982903532214,102.294242028852,5.11614294286219,"rainforest","midland",""
"296","LBSW",2006,89.5903548653437,107.862003683432,99.0361319971195,4.66323486218986,"rainforest","midland",""
"297","LBSW",2007,50.5429057470573,64.393763369868,57.775973229131,3.53606333047967,"rainforest","midland",""
"298","LBSW",2008,57.7338150711867,71.9674032496058,65.1483198210096,3.63346877265535,"rainforest","midland",""
"299","LBSW",2009,57.2658374693144,71.6946279365621,64.7828764407998,3.68331251833492,"rainforest","midland",""
"300","LBSW",2010,91.9000650422765,111.200620707931,101.873157766253,4.92577012877366,"rainforest","midland",""
"301","LBSW",2011,50.3367429986789,64.3589897928184,57.6596259014727,3.57982357530954,"rainforest","midland",""
"302","LBSW",2012,25.7777377903209,34.8872620042244,30.6105010362285,2.32714593420557,"rainforest","midland",""
"303","LBSW",2013,45.7617714750541,59.1049013027548,52.7435182104456,3.40668287669298,"rainforest","midland",""
"304","LBSW",2014,65.7801899963242,80.9779933141519,73.6779998110634,3.87931353477297,"rainforest","midland",""
"305","LBSW",2015,54.9348555487976,69.2746430315529,62.4111891493526,3.66068399069336,"rainforest","midland",""
"306","LBSW",2016,45.6254855529013,58.0168927736772,52.1109901629472,3.16372621147407,"rainforest","midland",""
"307","LEWHE",2000,100,100,100,0,"rainforest","midland",""
"308","LEWHE",2001,97.2472799850276,126.32755354922,112.497287924527,7.42520693615667,"rainforest","midland",""
"309","LEWHE",2002,43.3645958374525,62.3256885073002,53.5163284460856,4.84618248667966,"rainforest","midland",""
"310","LEWHE",2003,73.5367320542805,98.4811955453937,86.7025968150018,6.37088079473548,"rainforest","midland",""
"311","LEWHE",2004,128.073153854776,164.175327365812,146.895438122351,9.21621592223674,"rainforest","midland",""
"312","LEWHE",2005,141.107425926161,180.938797750506,161.833741307802,10.1675691995922,"rainforest","midland",""
"313","LEWHE",2006,77.7783935073183,103.399101035157,91.2830731934696,6.5432154567988,"rainforest","midland",""
"314","LEWHE",2007,58.0301168843356,78.6944372434784,69.0064011855122,5.27928596687306,"rainforest","midland",""
"315","LEWHE",2008,88.6861392887199,116.160027270273,103.123568926831,7.01560966591546,"rainforest","midland",""
"316","LEWHE",2009,80.4721633047183,108.382815624357,95.1682673253749,7.12771957187436,"rainforest","midland",""
"317","LEWHE",2010,101.747033994032,131.508521739404,117.339126562744,7.59886483007727,"rainforest","midland",""
"318","LEWHE",2011,89.7579667874064,120.067701667754,105.676230133096,7.73957695620006,"rainforest","midland",""
"319","LEWHE",2012,134.525104597401,172.218174079115,154.157622061561,9.62203216419982,"rainforest","midland",""
"320","LEWHE",2013,90.3202530625422,119.60712249607,105.701234014153,7.47838705151296,"rainforest","midland",""
"321","LEWHE",2014,91.3068773644911,119.691690725314,106.212390619112,7.24801437669761,"rainforest","midland",""
"322","LEWHE",2015,111.37349083706,143.921269759738,128.391080255276,8.30966371034282,"rainforest","midland",""
"323","LEWHE",2016,83.9888935909704,113.126840684589,99.3148962783673,7.44081405332385,"rainforest","midland",""
"324","LST",2000,100,100,100,0,"generalist","lowland",""
"325","LST",2001,23.4200162491639,50.0357789866354,37.6387022840547,6.80177453750726,"generalist","lowland",""
"326","LST",2002,69.6027111358919,97.6981381380915,84.2927775730927,7.17295551479316,"generalist","lowland",""
"327","LST",2003,85.3847815524348,113.964543272685,100.273747980216,7.29569866801263,"generalist","lowland",""
"328","LST",2004,97.2453424353091,129.596658683686,114.056842457688,8.25782489577935,"generalist","lowland",""
"329","LST",2005,103.043440850158,137.179854322567,120.763673941477,8.71319902568875,"generalist","lowland",""
"330","LST",2006,153.347277043231,200.621981242242,177.728935587739,12.0645849629222,"generalist","lowland",""
"331","LST",2007,123.567875260913,162.98592366503,143.966461205058,10.0604304604093,"generalist","lowland",""
"332","LST",2008,153.940164165305,201.382386196228,178.406798517878,12.1073186871894,"generalist","lowland",""
"333","LST",2009,143.15699170616,187.6218635533,166.113560938,11.3478061013013,"generalist","lowland",""
"334","LST",2010,179.622711107696,233.745484286993,207.472771505096,13.8114872095799,"generalist","lowland",""
"335","LST",2011,231.212896722641,302.081447519077,267.5565370037,18.0835157960539,"generalist","lowland",""
"336","LST",2012,139.506201927361,183.07702528211,162.010118105573,11.1197495461675,"generalist","lowland",""
"337","LST",2013,134.74010235692,177.039346472814,156.599210197898,10.7953808347199,"generalist","lowland",""
"338","LST",2014,184.335672371016,239.755058283951,212.842679826927,14.1422536222559,"generalist","lowland",""
"339","LST",2015,217.044609891732,286.938385854467,252.913953796413,17.8350379124319,"generalist","lowland",""
"340","LST",2016,111.077767320787,147.95389287127,130.19419267744,9.41212784618242,"generalist","lowland",""
"341","MACHE",2000,100,100,100,0,"rainforest","lowland","endemic"
"342","MACHE",2001,61.9485828218808,93.8272150120469,78.6634030969288,8.13967551055455,"rainforest","lowland","endemic"
"343","MACHE",2002,28.1300986680302,49.2309604422018,39.4058906219677,5.39250321330232,"rainforest","lowland","endemic"
"344","MACHE",2003,99.3642679255328,131.662782992733,116.160077459336,8.24452547611379,"rainforest","lowland","endemic"
"345","MACHE",2004,67.8167196599563,92.4486453792621,80.7241973580048,6.28920793030262,"rainforest","lowland","endemic"
"346","MACHE",2005,94.8092209318415,126.817279852299,111.467339298583,8.17059022231978,"rainforest","lowland","endemic"
"347","MACHE",2006,111.594410704055,147.904335194051,130.43529087524,9.26786919829687,"rainforest","lowland","endemic"
"348","MACHE",2007,52.3857599443616,72.7178222219208,63.1040462625309,5.19258608101439,"rainforest","lowland","endemic"
"349","MACHE",2008,64.27115748599,87.9789143500809,76.709071905295,6.05351583767693,"rainforest","lowland","endemic"
"350","MACHE",2009,60.3000431439743,82.7851798004348,72.1139096151355,5.74166559322942,"rainforest","lowland","endemic"
"351","MACHE",2010,49.8603153213643,69.8621963430746,60.4164995177627,5.10851221816971,"rainforest","lowland","endemic"
"352","MACHE",2011,38.7880985904919,57.4666566679403,48.7048985080536,4.7718552746437,"rainforest","lowland","endemic"
"353","MACHE",2012,85.5695466602522,115.271852736208,101.05817091274,7.58249724471157,"rainforest","lowland","endemic"
"354","MACHE",2013,51.6488061982647,71.2597674449191,61.9917150554874,5.00852397023682,"rainforest","lowland","endemic"
"355","MACHE",2014,53.2851193445997,73.266711697544,63.8156158447627,5.10301708841278,"rainforest","lowland","endemic"
"356","MACHE",2015,142.118851581466,197.314701936794,170.628400264353,14.086601184564,"rainforest","lowland","endemic"
"357","MACHE",2016,80.8788521512697,109.469867976188,95.8045847523193,7.29907988890638,"rainforest","lowland","endemic"
"358","MTB",2000,100,100,100,0,"generalist",NA,""
"359","MTB",2001,82.4077967914649,152.995723829409,120.398480011755,18.0468090934505,"generalist",NA,""
"360","MTB",2002,45.2194927081538,83.613890755742,66.3924669791402,9.83339138123022,"generalist",NA,""
"361","MTB",2003,43.3858562641302,77.6090867535873,62.3153620130604,8.76733642013921,"generalist",NA,""
"362","MTB",2004,150.245756226382,237.05152044365,196.245835954158,22.1744593671441,"generalist",NA,""
"363","MTB",2005,232.851374194775,359.552521755335,299.271469746995,32.3507829010669,"generalist",NA,""
"364","MTB",2006,95.4729120796695,157.070718936481,128.549203149921,15.7461853780806,"generalist",NA,""
"365","MTB",2007,86.6649145475895,145.15286311422,118.164383382174,14.9538918763027,"generalist",NA,""
"366","MTB",2008,221.455941527224,342.284404037809,284.870520747192,30.852672678711,"generalist",NA,""
"367","MTB",2009,251.962515486755,387.732654289736,323.013591904884,34.66414143989,"generalist",NA,""
"368","MTB",2010,215.355235835635,333.004362470872,277.141668069425,30.0416257250364,"generalist",NA,""
"369","MTB",2011,127.78767314616,204.911293476355,168.83734027457,19.7054421765965,"generalist",NA,""
"370","MTB",2012,118.739497228625,197.551407320873,160.750963041884,20.1383820766113,"generalist",NA,""
"371","MTB",2013,98.0263973320086,160.02966755593,131.296287196985,15.8491578802371,"generalist",NA,""
"372","MTB",2014,160.742334551531,250.804728597681,208.388447145122,23.0045687071975,"generalist",NA,""
"373","MTB",2015,90.1436962955757,153.236215224331,124.064420462024,16.1294648441086,"generalist",NA,""
"374","MTB",2016,85.2584859345488,144.697319121795,117.278711240089,15.1972632631064,"generalist",NA,""
"375","MTHORN",2000,100,100,100,0,"rainforest","upland","endemic"
"376","MTHORN",2001,24.5345749565673,106.534800602916,72.0656403333994,21.1150485794105,"rainforest","upland","endemic"
"377","MTHORN",2002,-17.9804605424593,43.2196579414005,21.5243517879983,16.0819214994334,"rainforest","upland","endemic"
"378","MTHORN",2003,4.00093523594616,58.9002805277144,37.5119890587834,14.25378746024,"rainforest","upland","endemic"
"379","MTHORN",2004,71.7929270734202,165.657082939321,124.412596441413,24.0762910001189,"rainforest","upland","endemic"
"380","MTHORN",2005,95.5995398418748,233.386991189426,171.600931144526,35.2901369907486,"rainforest","upland","endemic"
"381","MTHORN",2006,40.3694697799937,135.678278091106,94.646393648436,24.4882025640991,"rainforest","upland","endemic"
"382","MTHORN",2007,362.317260854817,789.226695991457,587.666878857002,109.034284860815,"rainforest","upland","endemic"
"383","MTHORN",2008,137.069241675367,315.627632394006,234.23103469167,45.6842088956503,"rainforest","upland","endemic"
"384","MTHORN",2009,199.639780305301,446.281342891583,332.103454699073,63.0494135092119,"rainforest","upland","endemic"
"385","MTHORN",2010,127.269238465028,299.995991689487,221.474488590292,44.1995485549654,"rainforest","upland","endemic"
"386","MTHORN",2011,70.5610979382213,178.728572711292,131.031227344261,27.7375505266521,"rainforest","upland","endemic"
"387","MTHORN",2012,175.277738886134,395.008285404248,293.803341195407,56.1850946580469,"rainforest","upland","endemic"
"388","MTHORN",2013,81.933094964254,203.451676856741,149.410742388303,31.1415225178922,"rainforest","upland","endemic"
"389","MTHORN",2014,121.12517996436,281.451427848084,208.78532217188,41.0339729652197,"rainforest","upland","endemic"
"390","MTHORN",2015,23.5426916154644,93.1989996355461,64.2469817485108,17.9564299581169,"rainforest","upland","endemic"
"391","MTHORN",2016,112.17217375514,268.075421163878,197.617355148521,39.9092584159001,"rainforest","upland","endemic"
"392","OFSF",2000,100,100,100,0,"rainforest","midland",""
"393","OFSF",2001,94.409300808091,151.721369537812,124.798869035667,14.6407508696405,"rainforest","midland",""
"394","OFSF",2002,105.243570088978,159.438773254492,133.923574881717,13.8432367223084,"rainforest","midland",""
"395","OFSF",2003,68.5174393180285,109.457643786426,90.4423057335739,10.4638774804374,"rainforest","midland",""
"396","OFSF",2004,46.9449593696248,77.11438380162,63.3111463181103,7.71719743946896,"rainforest","midland",""
"397","OFSF",2005,60.9272785921333,95.6310843916795,79.5937516525595,8.87219672311676,"rainforest","midland",""
"398","OFSF",2006,54.6293011180873,86.5652267394639,71.8703751047402,8.16644976732664,"rainforest","midland",""
"399","OFSF",2007,66.8233161396354,104.121048536712,86.8248597819337,9.53364853732842,"rainforest","midland",""
"400","OFSF",2008,57.2040798216016,89.9748109311129,74.8693846308059,8.37912674167538,"rainforest","midland",""
"401","OFSF",2009,52.1938900362779,83.5339350315149,69.137738502883,8.0148241686725,"rainforest","midland",""
"402","OFSF",2010,61.5619315605267,96.9444181181494,80.5851775687786,9.04546683966918,"rainforest","midland",""
"403","OFSF",2011,-2.6580304187532,4.06657614178887,2.19944426944221,1.82582177848158,"rainforest","midland",""
"404","OFSF",2012,76.2514265460646,119.800782365009,99.5014150984752,11.1288397182792,"rainforest","midland",""
"405","OFSF",2013,45.693458792244,75.1115176770392,61.6685934677091,7.52553914240624,"rainforest","midland",""
"406","OFSF",2014,13.5739232154374,27.3369768947354,21.4601967810463,3.5387925463724,"rainforest","midland",""
"407","OFSF",2015,39.1581636943766,66.1177350253055,53.8793595687984,6.89936752084676,"rainforest","midland",""
"408","OFSF",2016,80.3577723134425,124.699029674672,103.99769019325,11.3303673495069,"rainforest","midland",""
"409","PYR",2000,100,100,100,0,"rainforest","midland",""
"410","PYR",2001,85.5707256363671,164.449181306406,128.017656136567,20.166233905657,"rainforest","midland",""
"411","PYR",2002,63.1098073137238,126.240597081364,97.4347699834003,16.1511146612991,"rainforest","midland",""
"412","PYR",2003,91.4425326148883,172.369668193468,134.911987947034,20.6877132984236,"rainforest","midland",""
"413","PYR",2004,79.5872006030406,147.004695607984,115.996649482731,17.2399680089024,"rainforest","midland",""
"414","PYR",2005,84.5198365599391,154.593388457629,122.290471913808,17.9169704969389,"rainforest","midland",""
"415","PYR",2006,157.700045303147,276.194762453319,220.390505296133,30.2670745068336,"rainforest","midland",""
"416","PYR",2007,168.956792486285,295.332156106893,235.695291038619,32.2773794640989,"rainforest","midland",""
"417","PYR",2008,147.229198549388,257.153130587302,205.498980340181,28.0804094610927,"rainforest","midland",""
"418","PYR",2009,106.633774038901,191.066196323031,151.806310727366,21.5788426103434,"rainforest","midland",""
"419","PYR",2010,81.1545074589959,149.016871887302,117.783497409064,17.3531009736292,"rainforest","midland",""
"420","PYR",2011,12.0082699056393,39.0169474907525,27.7274366834142,6.95854870511177,"rainforest","midland",""
"421","PYR",2012,100.233738107118,182.766977698287,144.462769060599,21.0954192117238,"rainforest","midland",""
"422","PYR",2013,158.662909698148,275.599599901123,220.528024582319,29.8690845780136,"rainforest","midland",""
"423","PYR",2014,96.5821410195332,176.113917263044,139.255622776029,20.3297081973344,"rainforest","midland",""
"424","PYR",2015,124.737469697951,222.165104018077,176.613852458187,24.8936990405186,"rainforest","midland",""
"425","PYR",2016,72.2551510546012,135.847225416482,106.707300983117,16.2651135343141,"rainforest","midland",""
"426","RFAN",2000,100,100,100,0,"generalist","upland",""
"427","RFAN",2001,56.0317012567719,84.7096149690814,71.4861287959631,7.33250010160932,"generalist","upland",""
"428","RFAN",2002,13.8325119060025,29.5150949957689,22.7556460427317,4.02900290388338,"generalist","upland",""
"429","RFAN",2003,9.17477683693853,25.0071600723497,18.3087653277033,4.07432534705702,"generalist","upland",""
"430","RFAN",2004,4.20372976254825,21.0185131505875,14.0859082159109,4.33819252690131,"generalist","upland",""
"431","RFAN",2005,13.9117285228773,27.0312287484288,21.404674805135,3.37199832665736,"generalist","upland",""
"432","RFAN",2006,22.4885494475901,37.7769863446542,31.0356526797372,3.92044739626277,"generalist","upland",""
"433","RFAN",2007,43.2347794543337,65.3634387178074,55.2780223459211,5.6616910032533,"generalist","upland",""
"434","RFAN",2008,10.6600174885949,23.4278317237738,18.0334785429712,3.28611467613526,"generalist","upland",""
"435","RFAN",2009,14.4986901180927,26.9662183048459,21.6149451126467,3.20419764972923,"generalist","upland",""
"436","RFAN",2010,13.4609768873301,23.8108041408501,19.4090537021932,2.66214359468749,"generalist","upland",""
"437","RFAN",2011,23.1742276817897,36.4885972681686,30.6230021615278,3.41446896327619,"generalist","upland",""
"438","RFAN",2012,16.998234178521,31.9647727238332,25.4575488016723,3.84220829889461,"generalist","upland",""
"439","RFAN",2013,31.0988222258072,46.6000592379382,39.6591535138985,3.97057480835897,"generalist","upland",""
"440","RFAN",2014,-1.34361410786982,7.23752238874864,4.30410689034377,2.26599449617853,"generalist","upland",""
"441","RFAN",2015,0.565596917457123,9.78454011533536,6.37616054410753,2.40918160956676,"generalist","upland",""
"442","RFAN",2016,17.1145052703998,30.8708382194788,24.8997992634381,3.53201668881167,"generalist","upland",""
"443","RL",2000,100,100,100,0,"generalist",NA,""
"444","RL",2001,109.796168375657,192.944421465335,155.51270049978,21.2903083452203,"generalist",NA,""
"445","RL",2002,139.730968960379,225.147042938742,186.326295082258,21.8576891418985,"generalist",NA,""
"446","RL",2003,280.219799112422,425.084683930612,357.411327415282,37.0157850814256,"generalist",NA,""
"447","RL",2004,133.478492271427,210.886051266465,175.80903159822,19.8119780961295,"generalist",NA,""
"448","RL",2005,90.0144061841523,169.610178302524,134.083200854467,20.3926436645182,"generalist",NA,""
"449","RL",2006,110.39784350682,211.402290399296,165.77368041651,25.856546042254,"generalist",NA,""
"450","RL",2007,228.083397133999,343.366090003332,289.929960857064,29.468004415805,"generalist",NA,""
"451","RL",2008,301.909887297262,463.624965421739,387.867125715875,41.3161065649625,"generalist",NA,""
"452","RL",2009,422.070014619457,625.183446831377,529.11041249882,51.8722588902695,"generalist",NA,""
"453","RL",2010,290.12800464393,437.032093819462,368.333994273814,37.535047445813,"generalist",NA,""
"454","RL",2011,202.409550921785,333.728124432889,273.005346790435,33.5711459658036,"generalist",NA,""
"455","RL",2012,286.189088859214,457.266298304781,377.198429737926,43.7098462514895,"generalist",NA,""
"456","RL",2013,906.412702147481,1320.8854880532,1121.33494644742,105.789389885946,"generalist",NA,""
"457","RL",2014,442.395806226531,662.557969622416,558.263516698937,56.2230578600517,"generalist",NA,""
"458","RL",2015,790.157427260584,1176.889824354,991.151601362927,98.7156617434585,"generalist",NA,""
"459","RL",2016,287.700930639073,443.188406191011,370.461900262069,39.7278072817171,"generalist",NA,""
"460","SATBB",2000,100,100,100,0,"rainforest","upland",""
"461","SATBB",2001,-40.4254874451285,21.3778729942136,9.66191089586775,17.4807668310621,"rainforest","upland",""
"462","SATBB",2002,154.950736086658,440.867499442186,315.942265165934,73.3709996477607,"rainforest","upland",""
"463","SATBB",2003,-50.1309552644421,33.8555976042153,14.6844387150128,23.3255482705548,"rainforest","upland",""
"464","SATBB",2004,22.6831070088858,94.5548306749784,68.3598010928606,18.8170430718799,"rainforest","upland",""
"465","SATBB",2005,-27.6055033277985,43.7058273177237,23.9671646680057,19.3695948146136,"rainforest","upland",""
"466","SATBB",2006,-10.691671693829,2.21201363919013,1.07447112548874,5.08724477586456,"rainforest","upland",""
"467","SATBB",2007,11.0154187021669,79.8149434563443,55.7292357086827,18.1092425434436,"rainforest","upland",""
"468","SATBB",2008,32.8621997419201,139.436187420883,98.2105345080825,27.6939479330207,"rainforest","upland",""
"469","SATBB",2009,96.9485822949656,305.294198725862,216.982109391491,53.6065371353765,"rainforest","upland",""
"470","SATBB",2010,-1.22289170138955,69.4044343187497,45.7510735511137,18.7025297860479,"rainforest","upland",""
"471","SATBB",2011,-20.5912350117192,52.8999248449882,30.8015055973439,19.7477214425528,"rainforest","upland",""
"472","SATBB",2012,-20.9233209199393,35.312901541072,20.5901002824849,15.3800533820954,"rainforest","upland",""
"473","SATBB",2013,-15.4505561613405,48.8325632897501,29.7168014135172,17.2990404317312,"rainforest","upland",""
"474","SATBB",2014,1.87097058648556,21.1937206686389,16.5548143779006,5.33752215170404,"rainforest","upland",""
"475","SATBB",2015,-36.2873874720578,10.7593505096551,4.44425208561287,13.8865121428382,"rainforest","upland",""
"476","SATBB",2016,35.6245280778013,139.436917621402,99.2197336451318,26.9714952349986,"rainforest","upland",""
"477","SBCUC",2000,100,100,100,0,"generalist","midland",""
"478","SBCUC",2001,53.5830728121494,94.0185011462312,76.3066768346302,10.3743158798577,"generalist","midland",""
"479","SBCUC",2002,16.2694212442995,28.9196050785147,23.993288777402,3.28459475991098,"generalist","midland",""
"480","SBCUC",2003,NA,NA,0,4.14947822860635,"generalist","midland",""
"481","SBCUC",2004,28.2130660335601,61.0498826503104,47.2192604871165,8.45385783734617,"generalist","midland",""
"482","SBCUC",2005,20.6687070727887,43.7090195352362,34.3190935026532,5.95161562545985,"generalist","midland",""
"483","SBCUC",2006,28.487221267344,68.4537543494367,51.4866179062889,10.2817476319861,"generalist","midland",""
"484","SBCUC",2007,82.8516720781047,139.009652814951,113.780075301545,14.3813508424237,"generalist","midland",""
"485","SBCUC",2008,29.880680196055,61.0897484702443,47.9264826938406,8.03372929901956,"generalist","midland",""
"486","SBCUC",2009,20.4597561075893,50.0798793693592,37.8765003874816,7.64252123627688,"generalist","midland",""
"487","SBCUC",2010,51.9182872802723,98.358264164041,77.9851029670206,11.9134274044773,"generalist","midland",""
"488","SBCUC",2011,51.1650487772282,99.565304135134,78.3257046080551,12.4160073393689,"generalist","midland",""
"489","SBCUC",2012,5.34563182426712,34.7361402261374,23.3360708389877,7.63481130831004,"generalist","midland",""
"490","SBCUC",2013,5.14495944249347,38.6595516497466,25.4972526449053,8.69330801818584,"generalist","midland",""
"491","SBCUC",2014,58.623946672656,104.90106032641,84.4878490606998,11.8666027847663,"generalist","midland",""
"492","SBCUC",2015,47.3909489427282,94.0668263042381,73.6728361789166,11.9778087692478,"generalist","midland",""
"493","SBCUC",2016,6.36361679517454,19.6826333475036,14.890226748532,3.49299975096415,"generalist","midland",""
"494","SBL",2000,100,100,100,0,"generalist",NA,""
"495","SBL",2001,58.4908584273323,174.278500254183,126.84456869546,29.8930027042178,"generalist",NA,""
"496","SBL",2002,118.060591763802,277.813197509598,209.171485983173,41.0531087754693,"generalist",NA,""
"497","SBL",2003,-5.60622788222325,1.19012782539719,0.589415369134582,3.29023762869367,"generalist",NA,""
"498","SBL",2004,59.2617057022352,146.243061830242,111.146954142078,22.4928030927021,"generalist",NA,""
"499","SBL",2005,130.044264239319,223.073544877081,183.543656072098,23.9306044777309,"generalist",NA,""
"500","SBL",2006,112.603681052521,287.711277610056,212.378448070864,44.9941268233588,"generalist",NA,""
"501","SBL",2007,-15.6096944021989,85.8720817940264,49.7466571549587,26.6521452347111,"generalist",NA,""
"502","SBL",2008,265.130788343319,443.612796351187,363.88476567209,45.7249706633023,"generalist",NA,""
"503","SBL",2009,372.737709580401,647.071897695407,522.109424805889,70.1916310244333,"generalist",NA,""
"504","SBL",2010,73.5489339881051,194.681224575376,144.371362242099,31.2285776372413,"generalist",NA,""
"505","SBL",2011,29.9966798836779,138.278643937126,95.4165696563659,28.0614468973368,"generalist",NA,""
"506","SBL",2012,-14.4631969622231,71.4397222685522,41.9424927975983,22.6703362818455,"generalist",NA,""
"507","SBL",2013,137.634977309739,292.830394426883,225.738109328436,39.8608999914847,"generalist",NA,""
"508","SBL",2014,596.126995237328,945.02500103457,783.246926054298,89.1820689748906,"generalist",NA,""
"509","SBL",2015,234.127243138778,403.611842313533,328.379359246755,43.439624683676,"generalist",NA,""
"510","SBL",2016,103.414032555391,202.948606515149,161.157388880807,25.6330210686822,"generalist",NA,""
"511","SCC",2000,100,100,100,0,"generalist",NA,""
"512","SCC",2001,114.128723751726,156.979538283981,136.515317039945,10.9397864833569,"generalist",NA,""
"513","SCC",2002,35.2691170017461,55.3886329646713,46.105631975802,5.14407813921408,"generalist",NA,""
"514","SCC",2003,101.182238203888,137.342525355167,120.127067280791,9.23264829623103,"generalist",NA,""
"515","SCC",2004,96.8844125812348,131.756218616112,115.171944862856,8.90399407998388,"generalist",NA,""
"516","SCC",2005,79.9184277264492,111.597124753715,96.6025398932857,8.09006980783856,"generalist",NA,""
"517","SCC",2006,99.6214354367719,138.807207021026,120.151259479881,10.0051303065041,"generalist",NA,""
"518","SCC",2007,97.3072073965329,133.439523200333,116.251669716127,9.22576986464514,"generalist",NA,""
"519","SCC",2008,111.496972726487,149.741334406935,131.49324508936,9.76404302718457,"generalist",NA,""
"520","SCC",2009,102.666336447412,140.787051601868,122.628909034306,9.73302575936813,"generalist",NA,""
"521","SCC",2010,81.7848424680287,111.578547065984,97.4726367582488,7.60861029739958,"generalist",NA,""
"522","SCC",2011,155.49799761937,205.814804359589,181.634850472565,12.8434434676364,"generalist",NA,""
"523","SCC",2012,160.18782817896,212.175932953949,187.177745710344,13.2698220866235,"generalist",NA,""
"524","SCC",2013,172.752494823612,227.279781721054,201.02402257515,13.9174138956178,"generalist",NA,""
"525","SCC",2014,112.750922116651,151.700141887971,133.110308176437,9.94390350400217,"generalist",NA,""
"526","SCC",2015,98.4639770803343,136.471076015099,118.383046154405,9.70430911918759,"generalist",NA,""
"527","SCC",2016,149.879671264942,198.192270251234,174.993112993388,12.332131681172,"generalist",NA,""
"528","SD",2000,100,100,100,0,"generalist",NA,""
"529","SD",2001,31.3017226553254,85.3494957177326,63.1223474875002,13.9479157187183,"generalist",NA,""
"530","SD",2002,115.966387433753,278.633369652396,205.29893433568,41.6473346745264,"generalist",NA,""
"531","SD",2003,112.523537363886,217.082605700307,170.446513596513,26.7896496784713,"generalist",NA,""
"532","SD",2004,1.71023511774986,30.6291848078647,20.6450754988496,7.62629475647227,"generalist",NA,""
"533","SD",2005,34.2330300981585,91.9278105799492,68.0130928548115,14.8770292215339,"generalist",NA,""
"534","SD",2006,NA,NA,0,11.230023976632,"generalist",NA,""
"535","SD",2007,38.8231800512989,91.356192382586,69.5316732117073,13.5429281244285,"generalist",NA,""
"536","SD",2008,8.33031950085424,32.608509961949,23.9611649304538,6.37570568599623,"generalist",NA,""
"537","SD",2009,62.8558636418445,134.124688545597,103.42990772643,18.3108332720956,"generalist",NA,""
"538","SD",2010,38.6480352064392,93.1433019598831,70.4726713889255,14.0468693143331,"generalist",NA,""
"539","SD",2011,40.774086874309,139.505207114647,97.1989296487697,25.3780002587785,"generalist",NA,""
"540","SD",2012,76.7828188078982,158.822920120316,123.016145457433,21.0547055099563,"generalist",NA,""
"541","SD",2013,46.4418039001278,114.294070273202,85.5399143526702,17.4585045044051,"generalist",NA,""
"542","SD",2014,36.9962196493261,72.2372843438937,57.8830074967167,9.10377226458598,"generalist",NA,""
"543","SD",2015,-14.2160579005574,15.9956285532226,8.10009542111365,8.264351719535,"generalist",NA,""
"544","SD",2016,76.2081217154011,155.076061655773,120.701678416135,20.2429009636019,"generalist",NA,""
"545","SFD",2000,100,100,100,0,"rainforest","midland",""
"546","SFD",2001,187.34172770912,245.431046755008,217.401321234335,14.8257693236355,"rainforest","midland",""
"547","SFD",2002,164.196049589347,216.313112379892,191.225503132703,13.3023418651527,"rainforest","midland",""
"548","SFD",2003,155.803203489882,203.17042902714,180.395358292174,12.0903727505614,"rainforest","midland",""
"549","SFD",2004,69.3462417993926,95.159945032128,82.9831947622706,6.59315028925698,"rainforest","midland",""
"550","SFD",2005,121.229079706139,161.503741275732,142.236406886384,10.2815336870276,"rainforest","midland",""
"551","SFD",2006,58.9213307201824,82.5188542213972,71.4394409539754,6.02827454059178,"rainforest","midland",""
"552","SFD",2007,34.9278388410519,50.3939533706109,43.2668072081548,3.95457559579978,"rainforest","midland",""
"553","SFD",2008,102.151495589969,135.716569638034,119.724342059857,8.56980037327429,"rainforest","midland",""
"554","SFD",2009,9.09240086057604,21.6882557248833,16.1972560117078,3.23290241622974,"rainforest","midland",""
"555","SFD",2010,89.774757580528,120.748255215828,106.036452364987,7.90896931479857,"rainforest","midland",""
"556","SFD",2011,175.495860744568,228.470851108134,202.941345348383,13.5209127077636,"rainforest","midland",""
"557","SFD",2012,133.600049150607,176.275781957779,155.818675543231,10.8938280093174,"rainforest","midland",""
"558","SFD",2013,87.0593941757717,118.284845804926,103.463029191499,7.973490709714,"rainforest","midland",""
"559","SFD",2014,-0.592314448413792,6.4470513026946,3.85191109382688,1.84027078605793,"rainforest","midland",""
"560","SFD",2015,170.319624173162,224.64533875845,198.475889126935,13.8658137652114,"rainforest","midland",""
"561","SFD",2016,141.404631833337,187.750746771475,165.505779681581,11.83032376272,"rainforest","midland",""
"562","SMON",2000,100,100,100,0,"rainforest","lowland",""
"563","SMON",2001,105.68996243,139.983209622368,123.430558062725,8.75237925055017,"rainforest","lowland",""
"564","SMON",2002,101.797334433294,130.804796928129,116.817513491052,7.40352114355806,"rainforest","lowland",""
"565","SMON",2003,121.029156296695,152.709892926819,137.389620652183,8.08524025577873,"rainforest","lowland",""
"566","SMON",2004,75.4470202664305,98.9628330648414,87.688176972931,6.00284529830016,"rainforest","lowland",""
"567","SMON",2005,86.0164937968251,110.554195520813,98.7604824483727,6.26325671683862,"rainforest","lowland",""
"568","SMON",2006,117.048555175756,147.412756913951,132.737799569354,7.74935722385303,"rainforest","lowland",""
"569","SMON",2007,93.6317607214008,119.605431247841,107.10155403077,6.62949793611081,"rainforest","lowland",""
"570","SMON",2008,89.2067646332565,113.841546930264,101.993550622458,6.28792450032817,"rainforest","lowland",""
"571","SMON",2009,73.416920945491,94.5761721684037,84.4396565756099,5.40142099634804,"rainforest","lowland",""
"572","SMON",2010,98.4346397073821,125.255576299802,112.332069011131,6.84558813132719,"rainforest","lowland",""
"573","SMON",2011,129.337774655715,163.662293989407,147.04471623787,8.75972739557671,"rainforest","lowland",""
"574","SMON",2012,61.0544430493221,79.7975978545008,70.8545224758144,4.78525569642254,"rainforest","lowland",""
"575","SMON",2013,124.051077902389,155.630577686077,140.353757449835,8.05933477388779,"rainforest","lowland",""
"576","SMON",2014,93.8938747500708,119.28153347928,107.059857709932,6.4799260838196,"rainforest","lowland",""
"577","SMON",2015,131.091411321489,166.599583064476,149.404493871121,9.06174520355951,"rainforest","lowland",""
"578","SMON",2016,53.8501766080581,76.9373580787088,65.9408989677598,5.89465932308715,"rainforest","lowland",""
"579","TBBB",2000,100,100,100,0,"rainforest","upland","endemic"
"580","TBBB",2001,116.019099148567,159.257787074313,138.948225422517,11.0456563031664,"rainforest","upland","endemic"
"581","TBBB",2002,153.271723184659,215.09417362843,185.802327429063,15.7875574185594,"rainforest","upland","endemic"
"582","TBBB",2003,79.2272836091513,117.790787534528,99.8869215754149,9.85662395013178,"rainforest","upland","endemic"
"583","TBBB",2004,48.6629524731977,72.4575581691754,61.6427048240511,6.08894509962652,"rainforest","upland","endemic"
"584","TBBB",2005,57.3389754554747,83.9482414330649,71.7654125625733,6.80625386917063,"rainforest","upland","endemic"
"585","TBBB",2006,26.6110146247009,45.8367508797207,37.3478104306502,4.92958939548362,"rainforest","upland","endemic"
"586","TBBB",2007,25.815464035625,44.3057275108749,36.159173352495,4.74179345395345,"rainforest","upland","endemic"
"587","TBBB",2008,15.7611618528573,32.1655978711308,25.1327353872575,4.21643165278155,"rainforest","upland","endemic"
"588","TBBB",2009,-0.332154058741561,8.55567665333834,5.46714996310028,2.34177075931541,"rainforest","upland","endemic"
"589","TBBB",2010,14.7558708710883,30.3052724332467,23.6726962887188,3.99848370380642,"rainforest","upland","endemic"
"590","TBBB",2011,20.0910266899976,40.9157645734144,31.8224008765813,5.34423842392618,"rainforest","upland","endemic"
"591","TBBB",2012,4.46189900964243,16.2856072696289,11.6140332321275,3.06479083506808,"rainforest","upland","endemic"
"592","TBBB",2013,-1.93890071438182,11.1297102149284,6.43462757251556,3.42802584301431,"rainforest","upland","endemic"
"593","TBBB",2014,-0.171890298709807,2.26711221410641,1.68156905634029,0.673725524827967,"rainforest","upland","endemic"
"594","TBBB",2015,52.0488322287445,78.5639652148707,66.4679628223211,6.78360395940774,"rainforest","upland","endemic"
"595","TBBB",2016,2.49433477723352,16.608236688623,11.0678657834617,3.66119088309835,"rainforest","upland","endemic"
"596","VRIF",2000,100,100,100,0,"rainforest","midland","endemic"
"597","VRIF",2001,90.7846665969251,118.983281124435,105.518406661552,7.199121690567,"rainforest","midland","endemic"
"598","VRIF",2002,91.2206803068398,118.429981938739,105.437739840941,6.94655359864195,"rainforest","midland","endemic"
"599","VRIF",2003,80.5942497608302,106.625368695642,94.2295755621507,6.64636264139905,"rainforest","midland","endemic"
"600","VRIF",2004,85.2709084438591,111.315277961658,98.8983575308456,6.64947929769672,"rainforest","midland","endemic"
"601","VRIF",2005,108.213775864173,139.48160998442,124.495334217852,7.98177213548781,"rainforest","midland","endemic"
"602","VRIF",2006,92.2936162221818,119.159009900353,106.328442719289,6.8587100505458,"rainforest","midland","endemic"
"603","VRIF",2007,65.2777460144736,86.8178741449423,76.6165715242569,5.50077918318487,"rainforest","midland","endemic"
"604","VRIF",2008,79.5967387049745,103.806627578581,92.2841341097211,6.18147000055284,"rainforest","midland","endemic"
"605","VRIF",2009,71.6051813651605,95.5367631620676,84.1738359786939,6.11092061912344,"rainforest","midland","endemic"
"606","VRIF",2010,73.6652305669576,97.4236783694201,86.1360980556334,6.06657960858776,"rainforest","midland","endemic"
"607","VRIF",2011,44.7803152625148,62.76688843922,54.3375933106406,4.59525915545542,"rainforest","midland","endemic"
"608","VRIF",2012,66.055381247168,88.2365658506396,77.7274600298999,5.66440358166704,"rainforest","midland","endemic"
"609","VRIF",2013,59.5662685842106,79.6112390873591,70.1419343187057,5.11944843222762,"rainforest","midland","endemic"
"610","VRIF",2014,24.6154477342539,39.7749197844003,32.8070292680519,3.87671225687795,"rainforest","midland","endemic"
"611","VRIF",2015,88.5374967123758,116.025558341539,102.907771329564,7.01785216586545,"rainforest","midland","endemic"
"612","VRIF",2016,65.9493527488425,87.3162002480594,77.194844612913,5.45648524094946,"rainforest","midland","endemic"
"613","VT",2000,100,100,100,0,"generalist",NA,""
"614","VT",2001,17.9916800399865,60.486838570407,41.5869836041863,10.8901481619513,"generalist",NA,""
"615","VT",2002,24.3942466885675,57.281624120002,42.6324181241749,8.42705103683851,"generalist",NA,""
"616","VT",2003,-2.71087697979808,5.87818008250803,3.25908547820951,2.30363106996926,"generalist",NA,""
"617","VT",2004,45.1397123494754,79.7953069384169,64.0104105112507,8.86708021500654,"generalist",NA,""
"618","VT",2005,35.7776928741977,64.8941141422704,51.7773609123053,7.45498647236424,"generalist",NA,""
"619","VT",2006,77.4931112081593,128.318816348551,104.675153053833,12.9895179842728,"generalist",NA,""
"620","VT",2007,34.6763747459098,63.121340631476,50.3272385834383,7.28382798567538,"generalist",NA,""
"621","VT",2008,42.3207300130018,75.7424268473122,60.5613670156675,8.5528045985173,"generalist",NA,""
"622","VT",2009,34.9005575233065,64.5066631003338,51.1778785976668,7.58068772666201,"generalist",NA,""
"623","VT",2010,38.7072262027434,71.0789253474206,56.4281618345984,8.28598988384346,"generalist",NA,""
"624","VT",2011,141.618590852082,229.963995745862,188.085125428784,22.5603020314949,"generalist",NA,""
"625","VT",2012,52.6109993760985,92.1811185373889,74.0340644047694,10.1204878400395,"generalist",NA,""
"626","VT",2013,39.982604458382,75.030105142156,59.1298802703673,8.96953209188151,"generalist",NA,""
"627","VT",2014,110.045480488751,177.461640009996,145.742161615629,17.220755585337,"generalist",NA,""
"628","VT",2015,74.577902123248,156.717706698213,118.336809853162,20.9880755003661,"generalist",NA,""
"629","VT",2016,28.3111091812992,54.5012807558609,42.8319123769895,6.71082383224546,"generalist",NA,""
"630","WOMP",2000,100,100,100,0,"rainforest","midland",""
"631","WOMP",2001,148.708906395288,201.957790392907,176.450899099714,13.5931305797,"rainforest","midland",""
"632","WOMP",2002,142.645491850932,196.000005514857,170.462021567986,13.620411145459,"rainforest","midland",""
"633","WOMP",2003,137.903443942638,184.168755579096,162.049322583796,11.8110891990737,"rainforest","midland",""
"634","WOMP",2004,130.973290370699,175.284392983134,154.123911148546,11.3126164868993,"rainforest","midland",""
"635","WOMP",2005,176.042210841527,231.906013646025,205.061664050483,14.2593412868124,"rainforest","midland",""
"636","WOMP",2006,103.807825262502,139.445732060557,122.52439609782,9.10012367521914,"rainforest","midland",""
"637","WOMP",2007,71.1690509051878,98.3655632683857,85.5869595741594,6.94746239177648,"rainforest","midland",""
"638","WOMP",2008,107.703994582734,144.979666655506,127.263047900588,9.51798968108128,"rainforest","midland",""
"639","WOMP",2009,68.0462686924152,96.4277522987706,83.1050602728656,7.25046217275021,"rainforest","midland",""
"640","WOMP",2010,130.305656065923,173.984103051905,153.128924191894,11.1511543662682,"rainforest","midland",""
"641","WOMP",2011,47.0638926598032,70.2895791943308,59.516221660283,5.93662392267426,"rainforest","midland",""
"642","WOMP",2012,109.8033102173,148.610543594226,130.155275573202,9.90885797148863,"rainforest","midland",""
"643","WOMP",2013,53.1696558358034,78.7579687676467,66.8365468183695,6.53912945406082,"rainforest","midland",""
"644","WOMP",2014,48.9318722924899,70.8469148466949,60.6739084445533,5.60140729518958,"rainforest","midland",""
"645","WOMP",2015,56.3743670140291,75.5007763864418,66.5911133362021,4.88781216070132,"rainforest","midland",""
"646","WOMP",2016,52.5727299239414,76.6146127790583,65.4224815982071,6.14416759392362,"rainforest","midland",""
"647","WTTC",2000,100,100,100,0,"rainforest","upland",""
"648","WTTC",2001,123.372738167768,157.569098082512,141.253224356292,8.73057374987748,"rainforest","upland",""
"649","WTTC",2002,57.1443793899895,80.284083251527,69.4691790311158,5.91251198699525,"rainforest","upland",""
"650","WTTC",2003,41.7616817413617,59.9962220599102,51.5694969862873,4.66174389173599,"rainforest","upland",""
"651","WTTC",2004,86.5623643732516,114.643739194592,101.361456300461,7.17158593863206,"rainforest","upland",""
"652","WTTC",2005,113.480420434772,146.01044717564,130.519623571049,8.30568250188708,"rainforest","upland",""
"653","WTTC",2006,115.510342731208,148.769935928461,132.924497070883,8.49182767580633,"rainforest","upland",""
"654","WTTC",2007,99.3738542279014,128.554736545853,114.705122065529,7.45143827831151,"rainforest","upland",""
"655","WTTC",2008,63.5901651775143,86.7620299019685,75.8993459723702,5.91993210055185,"rainforest","upland",""
"656","WTTC",2009,56.995427832272,80.4281623188327,69.4762640955107,5.98738436376435,"rainforest","upland",""
"657","WTTC",2010,83.9652645500279,109.625413897645,97.5019409321768,6.55352229166413,"rainforest","upland",""
"658","WTTC",2011,26.7587983099995,46.0463273776149,37.2619562886179,4.93498618233597,"rainforest","upland",""
"659","WTTC",2012,121.785437986661,157.685341127038,140.55869465434,9.16553595231638,"rainforest","upland",""
"660","WTTC",2013,59.5133007648983,82.7339573737421,71.8684582935743,5.93288166694811,"rainforest","upland",""
"661","WTTC",2014,57.347754884837,78.6952314522524,68.7217475523915,5.45466760367584,"rainforest","upland",""
"662","WTTC",2015,80.3563955122178,107.740024662263,94.812893715553,6.99391867243086,"rainforest","upland",""
"663","WTTC",2016,52.8484284951483,75.7679994643993,65.080792844244,5.85689257993636,"rainforest","upland",""
"664","YBBB",2000,100,100,100,0,"rainforest","lowland",""
"665","YBBB",2001,183.30776595414,290.721931957227,239.713634581372,27.4280313110549,"rainforest","lowland",""
"666","YBBB",2002,132.818160034984,209.434770882331,173.390017939163,19.5709952940935,"rainforest","lowland",""
"667","YBBB",2003,99.6298509724316,156.320994798806,129.910525111892,14.4875420881556,"rainforest","lowland",""
"668","YBBB",2004,100.332576183206,159.448658112418,131.893259335776,15.1068452640231,"rainforest","lowland",""
"669","YBBB",2005,149.475637341504,229.199568420201,191.5783156613,20.3622078232197,"rainforest","lowland",""
"670","YBBB",2006,221.38668069111,331.339202057742,278.923918027866,28.0724653094564,"rainforest","lowland",""
"671","YBBB",2007,146.309105767347,225.064657761979,187.921816873442,20.1153375358326,"rainforest","lowland",""
"672","YBBB",2008,111.178466821614,174.02680838236,144.635717089346,16.0581831593221,"rainforest","lowland",""
"673","YBBB",2009,85.9856902992643,137.751159838847,113.756762726374,13.2320408055226,"rainforest","lowland",""
"674","YBBB",2010,182.989909604394,278.384881923692,233.117880343061,24.359601245251,"rainforest","lowland",""
"675","YBBB",2011,188.079145032816,299.784376216173,246.698330332271,28.5229844911292,"rainforest","lowland",""
"676","YBBB",2012,145.618384710626,224.903315420592,187.513258739617,20.2506018633986,"rainforest","lowland",""
"677","YBBB",2013,114.394788705962,180.499102563438,149.549907386975,16.8892390322481,"rainforest","lowland",""
"678","YBBB",2014,130.027245915934,200.817900875948,167.550156240382,18.0836318305012,"rainforest","lowland",""
"679","YBBB",2015,187.328609560642,298.873825902004,245.868484063236,28.4822143478967,"rainforest","lowland",""
"680","YBBB",2016,145.840655693981,224.868391817435,187.599111786366,20.1848992241499,"rainforest","lowland",""
"681","YSHE",2000,100,100,100,0,"rainforest","lowland",""
"682","YSHE",2001,2.52285225335958,14.6862941931962,9.38819319001949,3.12212954023136,"rainforest","lowland",""
"683","YSHE",2002,126.437662190522,167.981722329528,147.883484236092,10.6023560683604,"rainforest","lowland",""
"684","YSHE",2003,54.6196806176197,89.1596308645587,72.6887458231657,8.81845180165587,"rainforest","lowland",""
"685","YSHE",2004,119.451333917825,155.82283304902,138.247198721245,9.28253502073607,"rainforest","lowland",""
"686","YSHE",2005,89.6388641105831,118.357610337098,104.55220955293,7.33043831113132,"rainforest","lowland",""
"687","YSHE",2006,100.174534496215,131.711643326724,116.519334649437,8.04936192458375,"rainforest","lowland",""
"688","YSHE",2007,88.1753839029762,116.916239232578,103.104090884779,7.33613913071949,"rainforest","lowland",""
"689","YSHE",2008,145.206273047714,188.42832625957,167.476021802056,11.0300831444775,"rainforest","lowland",""
"690","YSHE",2009,143.314761367469,186.003418568142,165.313924113576,10.8940124279217,"rainforest","lowland",""
"691","YSHE",2010,110.320175052755,144.495963658972,128.003852820278,8.72245243963906,"rainforest","lowland",""
"692","YSHE",2011,176.479206063148,230.711616242375,204.343661056519,13.8390086980724,"rainforest","lowland",""
"693","YSHE",2012,144.322459010152,187.210912506723,166.422389813382,10.9449740775985,"rainforest","lowland",""
"694","YSHE",2013,132.581117293582,172.263120508606,153.054743249244,10.1270101085434,"rainforest","lowland",""
"695","YSHE",2014,141.392054677032,184.77281011253,163.751051622058,11.0706710544555,"rainforest","lowland",""
"696","YSHE",2015,122.649184318631,163.348496960333,143.668546110562,10.3868904354947,"rainforest","lowland",""
"697","YSHE",2016,111.41266027645,146.140968703215,129.379003437995,8.86342534018838,"rainforest","lowland",""
"698","YTSW",2000,100,100,100,0,"rainforest","upland",""
"699","YTSW",2001,108.293988978228,158.448095380392,135.088653124912,12.8171354246731,"rainforest","upland",""
"700","YTSW",2002,24.9160870013811,55.5341681203533,42.1043456061241,7.85468088963283,"rainforest","upland",""
"701","YTSW",2003,19.4291946800977,47.7958703417332,35.5086041236974,7.28457462930791,"rainforest","upland",""
"702","YTSW",2004,95.201453562682,133.68573787502,115.866749967606,9.83770780594214,"rainforest","upland",""
"703","YTSW",2005,125.022504821152,175.665651371252,151.9791716114,12.939594052814,"rainforest","upland",""
"704","YTSW",2006,119.456362950026,170.97118309914,146.90550257047,13.1630189594549,"rainforest","upland",""
"705","YTSW",2007,123.719009114026,179.500518953873,153.402379495462,14.252267419641,"rainforest","upland",""
"706","YTSW",2008,94.2290195134668,140.16883581132,118.876133330203,11.7429536603294,"rainforest","upland",""
"707","YTSW",2009,108.946252221026,155.793018391263,133.980605131409,11.9721011928944,"rainforest","upland",""
"708","YTSW",2010,104.556248188407,156.652556676574,132.406517425525,13.3139469688983,"rainforest","upland",""
"709","YTSW",2011,39.1300426810752,64.5294469437128,53.2161845541346,6.50835722473886,"rainforest","upland",""
"710","YTSW",2012,109.857633694883,158.291978710312,135.729597795642,12.3775394091946,"rainforest","upland",""
"711","YTSW",2013,54.9398181769932,87.4870759724285,72.732863717179,8.33007048165559,"rainforest","upland",""
"712","YTSW",2014,69.086133418653,107.814365554119,90.0747267110039,9.90584144302903,"rainforest","upland",""
"713","YTSW",2015,69.2238508275954,109.163114038713,90.861482512207,10.2153654970108,"rainforest","upland",""
"714","YTSW",2016,115.088526174594,165.797743956858,142.136132400674,12.9578722420989,"rainforest","upland",""
